SKU,DT,Sales,Price,SaleMean
SKU1,12/1/2010,65,220,23.30748663
SKU1,12/2/2010,38,220,23.30748663
SKU1,12/3/2010,13,220,23.30748663
SKU1,12/5/2010,23,220,23.30748663
SKU1,12/6/2010,36,220,23.30748663
SKU1,12/7/2010,22,220,23.30748663
SKU1,12/8/2010,42,220,23.30748663
SKU1,12/9/2010,32,220,23.30748663
SKU1,12/10/2010,34,220,23.30748663
SKU1,12/12/2010,6,220,23.30748663
SKU1,12/13/2010,31,220,23.30748663
SKU1,12/14/2010,70,220,23.30748663
SKU1,12/15/2010,9,220,23.30748663
SKU1,12/16/2010,86,220,23.30748663
SKU1,12/17/2010,53,220,23.30748663
SKU1,12/20/2010,8,220,23.30748663
SKU1,12/21/2010,12,220,23.30748663
SKU1,12/22/2010,6,220,23.30748663
SKU1,12/23/2010,14,220,23.30748663
SKU1,1/4/2011,8,220,23.30748663
SKU1,1/5/2011,3,220,23.30748663
SKU1,1/6/2011,23,220,23.30748663
SKU1,1/7/2011,24,220,23.30748663
SKU1,1/9/2011,16,220,23.30748663
SKU1,1/10/2011,15,220,23.30748663
SKU1,1/11/2011,24,220,23.30748663
SKU1,1/12/2011,18,220,23.30748663
SKU1,1/13/2011,13,220,23.30748663
SKU1,1/14/2011,109,220,23.30748663
SKU1,1/16/2011,13,220,23.30748663
SKU1,1/17/2011,35,220,23.30748663
SKU1,1/18/2011,7,220,23.30748663
SKU1,1/19/2011,7,220,23.30748663
SKU1,1/20/2011,96,220,23.30748663
SKU1,1/21/2011,54,220,23.30748663
SKU1,1/23/2011,14,220,23.30748663
SKU1,1/24/2011,20,220,23.30748663
SKU1,1/25/2011,32,220,23.30748663
SKU1,1/26/2011,17,220,23.30748663
SKU1,1/27/2011,63,220,23.30748663
SKU1,1/28/2011,44,220,23.30748663
SKU1,1/30/2011,19,220,23.30748663
SKU1,1/31/2011,18,220,23.30748663
SKU1,2/1/2011,22,220,23.30748663
SKU1,2/2/2011,19,220,23.30748663
SKU1,2/3/2011,19,220,23.30748663
SKU1,2/4/2011,30,220,23.30748663
SKU1,2/6/2011,4,220,23.30748663
SKU1,2/7/2011,37,220,23.30748663
SKU1,2/8/2011,7,220,23.30748663
SKU1,2/9/2011,20,220,23.30748663
SKU1,2/10/2011,24,220,23.30748663
SKU1,2/11/2011,1,220,23.30748663
SKU1,2/13/2011,2,220,23.30748663
SKU1,2/14/2011,59,220,23.30748663
SKU1,2/15/2011,204,220,23.30748663
SKU1,2/16/2011,43,220,23.30748663
SKU1,2/17/2011,22,220,23.30748663
SKU1,2/18/2011,12,220,23.30748663
SKU1,2/20/2011,2,220,23.30748663
SKU1,2/21/2011,24,220,23.30748663
SKU1,2/22/2011,26,220,23.30748663
SKU1,2/23/2011,20,220,23.30748663
SKU1,2/24/2011,31,220,23.30748663
SKU1,2/25/2011,13,220,23.30748663
SKU1,2/28/2011,39,220,23.30748663
SKU1,3/1/2011,26,220,23.30748663
SKU1,3/2/2011,60,220,23.30748663
SKU1,3/3/2011,141,220,23.30748663
SKU1,3/4/2011,7,220,23.30748663
SKU1,3/6/2011,22,220,23.30748663
SKU1,3/7/2011,77,220,23.30748663
SKU1,3/8/2011,38,220,23.30748663
SKU1,3/9/2011,14,220,23.30748663
SKU1,3/10/2011,26,220,23.30748663
SKU1,3/11/2011,48,220,23.30748663
SKU1,3/13/2011,2,220,23.30748663
SKU1,3/14/2011,31,220,23.30748663
SKU1,3/15/2011,37,220,23.30748663
SKU1,3/16/2011,18,220,23.30748663
SKU1,3/17/2011,39,220,23.30748663
SKU1,3/18/2011,81,220,23.30748663
SKU1,3/20/2011,45,220,23.30748663
SKU1,3/21/2011,38,220,23.30748663
SKU1,3/22/2011,42,220,23.30748663
SKU1,3/23/2011,32,220,23.30748663
SKU1,3/24/2011,69,220,23.30748663
SKU1,3/25/2011,7,220,23.30748663
SKU1,3/27/2011,17,220,23.30748663
SKU1,3/28/2011,22,220,23.30748663
SKU1,3/29/2011,33,220,23.30748663
SKU1,3/30/2011,23,220,23.30748663
SKU1,3/31/2011,38,220,23.30748663
SKU1,4/1/2011,6,220,23.30748663
SKU1,4/3/2011,8,220,23.30748663
SKU1,4/4/2011,39,220,23.30748663
SKU1,4/5/2011,7,220,23.30748663
SKU1,4/6/2011,2,220,23.30748663
SKU1,4/7/2011,8,220,23.30748663
SKU1,4/8/2011,31,220,23.30748663
SKU1,4/10/2011,1,220,23.30748663
SKU1,4/11/2011,20,220,23.30748663
SKU1,4/12/2011,24,220,23.30748663
SKU1,4/13/2011,102,220,23.30748663
SKU1,4/14/2011,50,220,23.30748663
SKU1,4/15/2011,67,220,23.30748663
SKU1,4/17/2011,25,220,23.30748663
SKU1,4/18/2011,29,220,23.30748663
SKU1,4/19/2011,25,220,23.30748663
SKU1,4/20/2011,6,220,23.30748663
SKU1,4/21/2011,19,220,23.30748663
SKU1,4/26/2011,21,220,23.30748663
SKU1,4/27/2011,6,220,23.30748663
SKU1,4/28/2011,18,220,23.30748663
SKU1,5/3/2011,12,220,23.30748663
SKU1,5/4/2011,24,220,23.30748663
SKU1,5/5/2011,30,220,23.30748663
SKU1,5/6/2011,21,220,23.30748663
SKU1,5/8/2011,2,220,23.30748663
SKU1,5/9/2011,5,220,23.30748663
SKU1,5/10/2011,20,220,23.30748663
SKU1,5/11/2011,8,220,23.30748663
SKU1,5/12/2011,53,220,23.30748663
SKU1,5/13/2011,15,220,23.30748663
SKU1,5/15/2011,1,220,23.30748663
SKU1,5/16/2011,34,220,23.30748663
SKU1,5/17/2011,48,220,23.30748663
SKU1,5/18/2011,102,220,23.30748663
SKU1,5/19/2011,54,220,23.30748663
SKU1,5/20/2011,6,220,23.30748663
SKU1,5/22/2011,12,220,23.30748663
SKU1,5/23/2011,1,220,23.30748663
SKU1,5/24/2011,15,220,23.30748663
SKU1,5/25/2011,6,220,23.30748663
SKU1,5/26/2011,12,220,23.30748663
SKU1,5/27/2011,7,220,23.30748663
SKU1,5/29/2011,7,220,23.30748663
SKU1,5/31/2011,7,220,23.30748663
SKU1,6/1/2011,14,220,23.30748663
SKU1,6/2/2011,30,220,23.30748663
SKU1,6/3/2011,8,220,23.30748663
SKU1,6/5/2011,14,220,23.30748663
SKU1,6/6/2011,18,220,23.30748663
SKU1,6/7/2011,5,220,23.30748663
SKU1,6/8/2011,54,220,23.30748663
SKU1,6/9/2011,20,220,23.30748663
SKU1,6/10/2011,21,220,23.30748663
SKU1,6/12/2011,4,220,23.30748663
SKU1,6/13/2011,25,220,23.30748663
SKU1,6/14/2011,4,220,23.30748663
SKU1,6/15/2011,43,220,23.30748663
SKU1,6/16/2011,25,220,23.30748663
SKU1,6/17/2011,12,220,23.30748663
SKU1,6/19/2011,24,220,23.30748663
SKU1,6/20/2011,21,220,23.30748663
SKU1,6/21/2011,17,220,23.30748663
SKU1,6/22/2011,12,220,23.30748663
SKU1,6/23/2011,21,220,23.30748663
SKU1,6/24/2011,10,220,23.30748663
SKU1,6/26/2011,5,220,23.30748663
SKU1,6/27/2011,3,220,23.30748663
SKU1,6/28/2011,18,220,23.30748663
SKU1,6/29/2011,23,220,23.30748663
SKU1,6/30/2011,24,220,23.30748663
SKU1,7/1/2011,12,220,23.30748663
SKU1,7/3/2011,3,220,23.30748663
SKU1,7/4/2011,16,220,23.30748663
SKU1,7/5/2011,2,220,23.30748663
SKU1,7/7/2011,38,220,23.30748663
SKU1,7/8/2011,7,220,23.30748663
SKU1,7/10/2011,3,220,23.30748663
SKU1,7/11/2011,10,220,23.30748663
SKU1,7/12/2011,8,220,23.30748663
SKU1,7/13/2011,10,220,23.30748663
SKU1,7/14/2011,37,220,23.30748663
SKU1,7/15/2011,12,220,23.30748663
SKU1,7/17/2011,11,220,23.30748663
SKU1,7/18/2011,25,220,23.30748663
SKU1,7/19/2011,100,220,23.30748663
SKU1,7/21/2011,13,220,23.30748663
SKU1,7/22/2011,78,220,23.30748663
SKU1,7/24/2011,48,220,23.30748663
SKU1,7/25/2011,9,220,23.30748663
SKU1,7/26/2011,12,220,23.30748663
SKU1,7/27/2011,96,220,23.30748663
SKU1,7/28/2011,101,220,23.30748663
SKU1,7/29/2011,8,220,23.30748663
SKU1,7/31/2011,204,220,23.30748663
SKU1,8/1/2011,1,220,23.30748663
SKU1,8/2/2011,13,220,23.30748663
SKU1,8/3/2011,30,220,23.30748663
SKU1,8/4/2011,19,220,23.30748663
SKU1,8/5/2011,12,220,23.30748663
SKU1,8/8/2011,14,220,23.30748663
SKU1,8/9/2011,25,220,23.30748663
SKU1,8/10/2011,21,220,23.30748663
SKU1,8/11/2011,10,220,23.30748663
SKU1,8/12/2011,23,220,23.30748663
SKU1,8/15/2011,6,220,23.30748663
SKU1,8/16/2011,6,220,23.30748663
SKU1,8/17/2011,245,220,23.30748663
SKU1,8/18/2011,12,220,23.30748663
SKU1,8/19/2011,6,220,23.30748663
SKU1,8/21/2011,19,220,23.30748663
SKU1,8/22/2011,8,220,23.30748663
SKU1,8/23/2011,18,220,23.30748663
SKU1,8/24/2011,6,220,23.30748663
SKU1,8/25/2011,13,220,23.30748663
SKU1,8/28/2011,1,220,23.30748663
SKU1,8/30/2011,13,220,23.30748663
SKU1,8/31/2011,3,220,23.30748663
SKU1,9/1/2011,18,220,23.30748663
SKU1,9/2/2011,24,220,23.30748663
SKU1,9/4/2011,31,220,23.30748663
SKU1,9/5/2011,54,220,23.30748663
SKU1,9/6/2011,1,220,23.30748663
SKU1,9/7/2011,11,220,23.30748663
SKU1,9/8/2011,24,220,23.30748663
SKU1,9/9/2011,7,220,23.30748663
SKU1,9/11/2011,17,220,23.30748663
SKU1,9/12/2011,12,220,23.30748663
SKU1,9/13/2011,56,220,23.30748663
SKU1,9/14/2011,44,220,23.30748663
SKU1,9/15/2011,51,220,23.30748663
SKU1,9/16/2011,25,220,23.30748663
SKU1,9/18/2011,28,220,23.30748663
SKU1,9/19/2011,18,220,23.30748663
SKU1,9/20/2011,90,220,23.30748663
SKU1,9/21/2011,9,220,23.30748663
SKU1,9/22/2011,127,220,23.30748663
SKU1,9/23/2011,28,220,23.30748663
SKU1,9/25/2011,3,220,23.30748663
SKU1,9/26/2011,53,220,23.30748663
SKU1,9/27/2011,73,220,23.30748663
SKU1,9/28/2011,17,220,23.30748663
SKU1,9/29/2011,13,220,23.30748663
SKU1,9/30/2011,30,220,23.30748663
SKU1,10/2/2011,1,220,23.30748663
SKU1,10/3/2011,9,220,23.30748663
SKU1,10/4/2011,23,220,23.30748663
SKU1,10/5/2011,15,220,23.30748663
SKU1,10/6/2011,81,220,23.30748663
SKU1,10/7/2011,16,220,23.30748663
SKU1,10/9/2011,5,220,23.30748663
SKU1,10/10/2011,21,220,23.30748663
SKU1,10/11/2011,86,220,23.30748663
SKU1,10/12/2011,32,220,23.30748663
SKU1,10/13/2011,27,220,23.30748663
SKU1,10/14/2011,18,220,23.30748663
SKU1,10/16/2011,78,220,23.30748663
SKU1,10/17/2011,10,220,23.30748663
SKU1,10/18/2011,25,220,23.30748663
SKU1,10/19/2011,10,220,23.30748663
SKU1,10/20/2011,12,220,23.30748663
SKU1,10/23/2011,9,220,23.30748663
SKU1,10/24/2011,4,220,23.30748663
SKU1,10/25/2011,36,220,23.30748663
SKU1,10/26/2011,11,220,23.30748663
SKU1,10/27/2011,25,220,23.30748663
SKU1,10/28/2011,18,220,23.30748663
SKU1,10/30/2011,30,220,23.30748663
SKU1,10/31/2011,73,220,23.30748663
SKU1,11/1/2011,2,220,23.30748663
SKU1,11/2/2011,7,220,23.30748663
SKU1,11/3/2011,161,220,23.30748663
SKU1,11/4/2011,57,220,23.30748663
SKU1,11/7/2011,28,220,23.30748663
SKU1,11/8/2011,10,220,23.30748663
SKU1,11/9/2011,8,220,23.30748663
SKU1,11/10/2011,64,220,23.30748663
SKU1,11/11/2011,5,220,23.30748663
SKU1,11/13/2011,33,220,23.30748663
SKU1,11/14/2011,27,220,23.30748663
SKU1,11/15/2011,5,220,23.30748663
SKU1,11/16/2011,82,220,23.30748663
SKU1,11/17/2011,20,220,23.30748663
SKU1,11/18/2011,25,220,23.30748663
SKU1,11/20/2011,4,220,23.30748663
SKU1,11/21/2011,57,220,23.30748663
SKU1,11/22/2011,38,220,23.30748663
SKU1,11/23/2011,60,220,23.30748663
SKU1,11/24/2011,15,220,23.30748663
SKU1,11/25/2011,13,220,23.30748663
SKU1,11/27/2011,3,220,23.30748663
SKU1,11/28/2011,45,220,23.30748663
SKU1,11/29/2011,223,220,23.30748663
SKU1,11/30/2011,44,220,23.30748663
SKU1,12/1/2011,8,220,23.30748663
SKU1,12/2/2011,27,220,23.30748663
SKU1,12/4/2011,3,220,23.30748663
SKU1,12/5/2011,30,220,23.30748663
SKU1,12/6/2011,80,220,23.30748663
SKU1,12/7/2011,60,220,23.30748663
SKU1,12/8/2011,44,220,23.30748663
SKU1,12/9/2011,7,220,23.30748663
SKU2,12/1/2010,24,350,24.0802139
SKU2,12/2/2010,72,350,24.0802139
SKU2,12/3/2010,1,350,24.0802139
SKU2,12/5/2010,39,350,24.0802139
SKU2,12/6/2010,16,350,24.0802139
SKU2,12/7/2010,20,350,24.0802139
SKU2,12/8/2010,39,350,24.0802139
SKU2,12/9/2010,22,350,24.0802139
SKU2,12/10/2010,15,350,24.0802139
SKU2,12/12/2010,6,350,24.0802139
SKU2,12/13/2010,105,350,24.0802139
SKU2,12/14/2010,17,350,24.0802139
SKU2,12/15/2010,20,350,24.0802139
SKU2,12/16/2010,70,350,24.0802139
SKU2,12/17/2010,38,350,24.0802139
SKU2,12/19/2010,12,350,24.0802139
SKU2,12/20/2010,5,350,24.0802139
SKU2,12/22/2010,14,350,24.0802139
SKU2,1/6/2011,82,350,24.0802139
SKU2,1/7/2011,6,350,24.0802139
SKU2,1/9/2011,13,350,24.0802139
SKU2,1/10/2011,19,350,24.0802139
SKU2,1/11/2011,25,350,24.0802139
SKU2,1/12/2011,13,350,24.0802139
SKU2,1/13/2011,40,350,24.0802139
SKU2,1/14/2011,1,350,24.0802139
SKU2,1/16/2011,2,350,24.0802139
SKU2,1/17/2011,34,350,24.0802139
SKU2,1/18/2011,1,350,24.0802139
SKU2,1/19/2011,3,350,24.0802139
SKU2,1/20/2011,20,350,24.0802139
SKU2,1/23/2011,6,350,24.0802139
SKU2,1/24/2011,37,350,24.0802139
SKU2,1/25/2011,18,350,24.0802139
SKU2,1/26/2011,1,350,24.0802139
SKU2,1/27/2011,24,350,24.0802139
SKU2,1/28/2011,24,350,24.0802139
SKU2,1/30/2011,12,350,24.0802139
SKU2,1/31/2011,9,350,24.0802139
SKU2,2/1/2011,72,350,24.0802139
SKU2,2/2/2011,20,350,24.0802139
SKU2,2/3/2011,30,350,24.0802139
SKU2,2/4/2011,40,350,24.0802139
SKU2,2/6/2011,8,350,24.0802139
SKU2,2/7/2011,13,350,24.0802139
SKU2,2/8/2011,12,350,24.0802139
SKU2,2/9/2011,41,350,24.0802139
SKU2,2/10/2011,14,350,24.0802139
SKU2,2/11/2011,8,350,24.0802139
SKU2,2/13/2011,5,350,24.0802139
SKU2,2/14/2011,80,350,24.0802139
SKU2,2/15/2011,23,350,24.0802139
SKU2,2/16/2011,16,350,24.0802139
SKU2,2/17/2011,9,350,24.0802139
SKU2,2/21/2011,13,350,24.0802139
SKU2,2/22/2011,12,350,24.0802139
SKU2,2/23/2011,9,350,24.0802139
SKU2,2/24/2011,6,350,24.0802139
SKU2,2/25/2011,13,350,24.0802139
SKU2,2/27/2011,16,350,24.0802139
SKU2,2/28/2011,9,350,24.0802139
SKU2,3/1/2011,13,350,24.0802139
SKU2,3/2/2011,6,350,24.0802139
SKU2,3/3/2011,6,350,24.0802139
SKU2,3/4/2011,41,350,24.0802139
SKU2,3/6/2011,11,350,24.0802139
SKU2,3/7/2011,33,350,24.0802139
SKU2,3/8/2011,34,350,24.0802139
SKU2,3/9/2011,9,350,24.0802139
SKU2,3/10/2011,17,350,24.0802139
SKU2,3/11/2011,1,350,24.0802139
SKU2,3/13/2011,7,350,24.0802139
SKU2,3/14/2011,26,350,24.0802139
SKU2,3/15/2011,10,350,24.0802139
SKU2,3/16/2011,19,350,24.0802139
SKU2,3/17/2011,23,350,24.0802139
SKU2,3/18/2011,147,350,24.0802139
SKU2,3/20/2011,24,350,24.0802139
SKU2,3/21/2011,5,350,24.0802139
SKU2,3/22/2011,57,350,24.0802139
SKU2,3/23/2011,12,350,24.0802139
SKU2,3/24/2011,42,350,24.0802139
SKU2,3/25/2011,21,350,24.0802139
SKU2,3/27/2011,38,350,24.0802139
SKU2,3/28/2011,14,350,24.0802139
SKU2,3/29/2011,6,350,24.0802139
SKU2,3/30/2011,3,350,24.0802139
SKU2,3/31/2011,119,350,24.0802139
SKU2,4/1/2011,14,350,24.0802139
SKU2,4/3/2011,42,350,24.0802139
SKU2,4/4/2011,28,350,24.0802139
SKU2,4/5/2011,9,350,24.0802139
SKU2,4/6/2011,6,350,24.0802139
SKU2,4/7/2011,14,350,24.0802139
SKU2,4/8/2011,24,350,24.0802139
SKU2,4/10/2011,32,350,24.0802139
SKU2,4/11/2011,48,350,24.0802139
SKU2,4/12/2011,42,350,24.0802139
SKU2,4/13/2011,8,350,24.0802139
SKU2,4/14/2011,18,350,24.0802139
SKU2,4/15/2011,65,350,24.0802139
SKU2,4/17/2011,40,350,24.0802139
SKU2,4/18/2011,29,350,24.0802139
SKU2,4/19/2011,3,350,24.0802139
SKU2,4/20/2011,10,350,24.0802139
SKU2,4/21/2011,22,350,24.0802139
SKU2,4/26/2011,9,350,24.0802139
SKU2,4/27/2011,10,350,24.0802139
SKU2,4/28/2011,12,350,24.0802139
SKU2,5/1/2011,24,350,24.0802139
SKU2,5/3/2011,7,350,24.0802139
SKU2,5/4/2011,24,350,24.0802139
SKU2,5/5/2011,54,350,24.0802139
SKU2,5/6/2011,26,350,24.0802139
SKU2,5/8/2011,24,350,24.0802139
SKU2,5/9/2011,48,350,24.0802139
SKU2,5/10/2011,133,350,24.0802139
SKU2,5/11/2011,43,350,24.0802139
SKU2,5/12/2011,18,350,24.0802139
SKU2,5/13/2011,24,350,24.0802139
SKU2,5/15/2011,1,350,24.0802139
SKU2,5/16/2011,13,350,24.0802139
SKU2,5/17/2011,162,350,24.0802139
SKU2,5/18/2011,18,350,24.0802139
SKU2,5/19/2011,35,350,24.0802139
SKU2,5/20/2011,21,350,24.0802139
SKU2,5/22/2011,42,350,24.0802139
SKU2,5/23/2011,41,350,24.0802139
SKU2,5/24/2011,94,350,24.0802139
SKU2,5/25/2011,27,350,24.0802139
SKU2,5/26/2011,8,350,24.0802139
SKU2,5/27/2011,38,350,24.0802139
SKU2,5/29/2011,6,350,24.0802139
SKU2,5/31/2011,15,350,24.0802139
SKU2,6/1/2011,12,350,24.0802139
SKU2,6/2/2011,90,350,24.0802139
SKU2,6/3/2011,60,350,24.0802139
SKU2,6/5/2011,34,350,24.0802139
SKU2,6/6/2011,23,350,24.0802139
SKU2,6/7/2011,34,350,24.0802139
SKU2,6/8/2011,70,350,24.0802139
SKU2,6/9/2011,14,350,24.0802139
SKU2,6/10/2011,9,350,24.0802139
SKU2,6/12/2011,13,350,24.0802139
SKU2,6/13/2011,1,350,24.0802139
SKU2,6/15/2011,10,350,24.0802139
SKU2,6/16/2011,55,350,24.0802139
SKU2,6/17/2011,16,350,24.0802139
SKU2,6/19/2011,17,350,24.0802139
SKU2,6/20/2011,5,350,24.0802139
SKU2,6/21/2011,15,350,24.0802139
SKU2,6/22/2011,6,350,24.0802139
SKU2,6/23/2011,21,350,24.0802139
SKU2,6/24/2011,19,350,24.0802139
SKU2,6/26/2011,4,350,24.0802139
SKU2,6/27/2011,84,350,24.0802139
SKU2,6/28/2011,26,350,24.0802139
SKU2,6/29/2011,15,350,24.0802139
SKU2,6/30/2011,31,350,24.0802139
SKU2,7/1/2011,21,350,24.0802139
SKU2,7/3/2011,1,350,24.0802139
SKU2,7/4/2011,13,350,24.0802139
SKU2,7/5/2011,7,350,24.0802139
SKU2,7/6/2011,27,350,24.0802139
SKU2,7/7/2011,6,350,24.0802139
SKU2,7/8/2011,9,350,24.0802139
SKU2,7/10/2011,5,350,24.0802139
SKU2,7/11/2011,78,350,24.0802139
SKU2,7/12/2011,9,350,24.0802139
SKU2,7/13/2011,30,350,24.0802139
SKU2,7/14/2011,8,350,24.0802139
SKU2,7/15/2011,15,350,24.0802139
SKU2,7/17/2011,3,350,24.0802139
SKU2,7/18/2011,91,350,24.0802139
SKU2,7/19/2011,66,350,24.0802139
SKU2,7/20/2011,13,350,24.0802139
SKU2,7/21/2011,34,350,24.0802139
SKU2,7/22/2011,26,350,24.0802139
SKU2,7/24/2011,140,350,24.0802139
SKU2,7/25/2011,14,350,24.0802139
SKU2,7/26/2011,7,350,24.0802139
SKU2,7/27/2011,9,350,24.0802139
SKU2,7/28/2011,248,350,24.0802139
SKU2,7/29/2011,21,350,24.0802139
SKU2,7/31/2011,7,350,24.0802139
SKU2,8/1/2011,28,350,24.0802139
SKU2,8/2/2011,55,350,24.0802139
SKU2,8/3/2011,23,350,24.0802139
SKU2,8/4/2011,46,350,24.0802139
SKU2,8/5/2011,76,350,24.0802139
SKU2,8/7/2011,6,350,24.0802139
SKU2,8/8/2011,18,350,24.0802139
SKU2,8/9/2011,8,350,24.0802139
SKU2,8/10/2011,48,350,24.0802139
SKU2,8/11/2011,57,350,24.0802139
SKU2,8/12/2011,20,350,24.0802139
SKU2,8/14/2011,36,350,24.0802139
SKU2,8/15/2011,6,350,24.0802139
SKU2,8/16/2011,24,350,24.0802139
SKU2,8/17/2011,23,350,24.0802139
SKU2,8/18/2011,6,350,24.0802139
SKU2,8/19/2011,12,350,24.0802139
SKU2,8/21/2011,15,350,24.0802139
SKU2,8/22/2011,32,350,24.0802139
SKU2,8/23/2011,36,350,24.0802139
SKU2,8/24/2011,145,350,24.0802139
SKU2,8/25/2011,41,350,24.0802139
SKU2,8/28/2011,20,350,24.0802139
SKU2,8/30/2011,37,350,24.0802139
SKU2,8/31/2011,7,350,24.0802139
SKU2,9/1/2011,2,350,24.0802139
SKU2,9/2/2011,338,350,24.0802139
SKU2,9/4/2011,6,350,24.0802139
SKU2,9/5/2011,21,350,24.0802139
SKU2,9/7/2011,11,350,24.0802139
SKU2,9/8/2011,6,350,24.0802139
SKU2,9/9/2011,36,350,24.0802139
SKU2,9/11/2011,36,350,24.0802139
SKU2,9/12/2011,18,350,24.0802139
SKU2,9/13/2011,53,350,24.0802139
SKU2,9/14/2011,14,350,24.0802139
SKU2,9/15/2011,12,350,24.0802139
SKU2,9/16/2011,37,350,24.0802139
SKU2,9/18/2011,54,350,24.0802139
SKU2,9/19/2011,20,350,24.0802139
SKU2,9/20/2011,24,350,24.0802139
SKU2,9/22/2011,29,350,24.0802139
SKU2,9/23/2011,103,350,24.0802139
SKU2,9/25/2011,32,350,24.0802139
SKU2,9/26/2011,12,350,24.0802139
SKU2,9/27/2011,18,350,24.0802139
SKU2,9/28/2011,56,350,24.0802139
SKU2,9/29/2011,21,350,24.0802139
SKU2,9/30/2011,11,350,24.0802139
SKU2,10/2/2011,25,350,24.0802139
SKU2,10/3/2011,5,350,24.0802139
SKU2,10/4/2011,54,350,24.0802139
SKU2,10/5/2011,12,350,24.0802139
SKU2,10/6/2011,72,350,24.0802139
SKU2,10/7/2011,11,350,24.0802139
SKU2,10/10/2011,25,350,24.0802139
SKU2,10/11/2011,13,350,24.0802139
SKU2,10/12/2011,7,350,24.0802139
SKU2,10/13/2011,4,350,24.0802139
SKU2,10/14/2011,79,350,24.0802139
SKU2,10/16/2011,2,350,24.0802139
SKU2,10/17/2011,38,350,24.0802139
SKU2,10/19/2011,50,350,24.0802139
SKU2,10/20/2011,27,350,24.0802139
SKU2,10/21/2011,162,350,24.0802139
SKU2,10/23/2011,15,350,24.0802139
SKU2,10/24/2011,3,350,24.0802139
SKU2,10/25/2011,15,350,24.0802139
SKU2,10/26/2011,16,350,24.0802139
SKU2,10/27/2011,43,350,24.0802139
SKU2,10/28/2011,19,350,24.0802139
SKU2,10/30/2011,33,350,24.0802139
SKU2,10/31/2011,64,350,24.0802139
SKU2,11/1/2011,15,350,24.0802139
SKU2,11/2/2011,70,350,24.0802139
SKU2,11/3/2011,92,350,24.0802139
SKU2,11/4/2011,233,350,24.0802139
SKU2,11/6/2011,38,350,24.0802139
SKU2,11/7/2011,8,350,24.0802139
SKU2,11/8/2011,28,350,24.0802139
SKU2,11/9/2011,12,350,24.0802139
SKU2,11/10/2011,54,350,24.0802139
SKU2,11/11/2011,36,350,24.0802139
SKU2,11/13/2011,52,350,24.0802139
SKU2,11/14/2011,118,350,24.0802139
SKU2,11/15/2011,2,350,24.0802139
SKU2,11/16/2011,8,350,24.0802139
SKU2,11/17/2011,18,350,24.0802139
SKU2,11/18/2011,14,350,24.0802139
SKU2,11/20/2011,21,350,24.0802139
SKU2,11/21/2011,21,350,24.0802139
SKU2,11/22/2011,16,350,24.0802139
SKU2,11/23/2011,40,350,24.0802139
SKU2,11/24/2011,35,350,24.0802139
SKU2,11/25/2011,13,350,24.0802139
SKU2,11/27/2011,17,350,24.0802139
SKU2,11/28/2011,73,350,24.0802139
SKU2,11/29/2011,23,350,24.0802139
SKU2,11/30/2011,50,350,24.0802139
SKU2,12/1/2011,49,350,24.0802139
SKU2,12/2/2011,6,350,24.0802139
SKU2,12/4/2011,15,350,24.0802139
SKU2,12/5/2011,15,350,24.0802139
SKU2,12/6/2011,8,350,24.0802139
SKU2,12/7/2011,42,350,24.0802139
SKU2,12/8/2011,10,350,24.0802139
SKU2,12/9/2011,4,350,24.0802139
SKU3,12/1/2010,22,430,31.59625668
SKU3,12/2/2010,3,430,31.59625668
SKU3,12/3/2010,122,430,31.59625668
SKU3,12/5/2010,28,430,31.59625668
SKU3,12/6/2010,29,430,31.59625668
SKU3,12/7/2010,12,430,31.59625668
SKU3,12/8/2010,20,430,31.59625668
SKU3,12/9/2010,9,430,31.59625668
SKU3,12/10/2010,18,430,31.59625668
SKU3,12/12/2010,5,430,31.59625668
SKU3,12/13/2010,10,430,31.59625668
SKU3,12/14/2010,27,430,31.59625668
SKU3,12/15/2010,131,430,31.59625668
SKU3,12/16/2010,50,430,31.59625668
SKU3,12/20/2010,1,430,31.59625668
SKU3,12/21/2010,11,430,31.59625668
SKU3,12/22/2010,10,430,31.59625668
SKU3,12/23/2010,1,430,31.59625668
SKU3,1/4/2011,1,430,31.59625668
SKU3,1/5/2011,2,430,31.59625668
SKU3,1/6/2011,121,430,31.59625668
SKU3,1/7/2011,15,430,31.59625668
SKU3,1/9/2011,10,430,31.59625668
SKU3,1/10/2011,20,430,31.59625668
SKU3,1/11/2011,44,430,31.59625668
SKU3,1/12/2011,13,430,31.59625668
SKU3,1/13/2011,34,430,31.59625668
SKU3,1/14/2011,124,430,31.59625668
SKU3,1/16/2011,10,430,31.59625668
SKU3,1/18/2011,4,430,31.59625668
SKU3,1/19/2011,20,430,31.59625668
SKU3,1/20/2011,23,430,31.59625668
SKU3,1/21/2011,28,430,31.59625668
SKU3,1/23/2011,21,430,31.59625668
SKU3,1/24/2011,2,430,31.59625668
SKU3,1/25/2011,40,430,31.59625668
SKU3,1/26/2011,20,430,31.59625668
SKU3,1/27/2011,31,430,31.59625668
SKU3,1/28/2011,47,430,31.59625668
SKU3,1/31/2011,43,430,31.59625668
SKU3,2/1/2011,27,430,31.59625668
SKU3,2/3/2011,115,430,31.59625668
SKU3,2/4/2011,19,430,31.59625668
SKU3,2/7/2011,1,430,31.59625668
SKU3,2/8/2011,19,430,31.59625668
SKU3,2/9/2011,21,430,31.59625668
SKU3,2/10/2011,13,430,31.59625668
SKU3,2/11/2011,15,430,31.59625668
SKU3,2/14/2011,30,430,31.59625668
SKU3,2/15/2011,20,430,31.59625668
SKU3,2/16/2011,22,430,31.59625668
SKU3,2/17/2011,36,430,31.59625668
SKU3,2/18/2011,11,430,31.59625668
SKU3,2/20/2011,10,430,31.59625668
SKU3,2/22/2011,20,430,31.59625668
SKU3,2/23/2011,36,430,31.59625668
SKU3,2/24/2011,30,430,31.59625668
SKU3,2/25/2011,18,430,31.59625668
SKU3,2/27/2011,10,430,31.59625668
SKU3,2/28/2011,40,430,31.59625668
SKU3,3/1/2011,11,430,31.59625668
SKU3,3/2/2011,1,430,31.59625668
SKU3,3/3/2011,15,430,31.59625668
SKU3,3/4/2011,10,430,31.59625668
SKU3,3/6/2011,2,430,31.59625668
SKU3,3/7/2011,31,430,31.59625668
SKU3,3/8/2011,49,430,31.59625668
SKU3,3/9/2011,2,430,31.59625668
SKU3,3/10/2011,54,430,31.59625668
SKU3,3/11/2011,21,430,31.59625668
SKU3,3/13/2011,4,430,31.59625668
SKU3,3/14/2011,20,430,31.59625668
SKU3,3/15/2011,7,430,31.59625668
SKU3,3/16/2011,6,430,31.59625668
SKU3,3/17/2011,20,430,31.59625668
SKU3,3/18/2011,6,430,31.59625668
SKU3,3/20/2011,35,430,31.59625668
SKU3,3/21/2011,41,430,31.59625668
SKU3,3/22/2011,116,430,31.59625668
SKU3,3/23/2011,21,430,31.59625668
SKU3,3/24/2011,38,430,31.59625668
SKU3,3/25/2011,131,430,31.59625668
SKU3,3/27/2011,6,430,31.59625668
SKU3,3/28/2011,183,430,31.59625668
SKU3,3/29/2011,37,430,31.59625668
SKU3,3/30/2011,140,430,31.59625668
SKU3,3/31/2011,37,430,31.59625668
SKU3,4/1/2011,30,430,31.59625668
SKU3,4/4/2011,110,430,31.59625668
SKU3,4/5/2011,15,430,31.59625668
SKU3,4/6/2011,33,430,31.59625668
SKU3,4/7/2011,12,430,31.59625668
SKU3,4/8/2011,40,430,31.59625668
SKU3,4/10/2011,6,430,31.59625668
SKU3,4/11/2011,58,430,31.59625668
SKU3,4/12/2011,30,430,31.59625668
SKU3,4/13/2011,40,430,31.59625668
SKU3,4/14/2011,10,430,31.59625668
SKU3,4/15/2011,46,430,31.59625668
SKU3,4/17/2011,2,430,31.59625668
SKU3,4/18/2011,31,430,31.59625668
SKU3,4/19/2011,42,430,31.59625668
SKU3,4/20/2011,42,430,31.59625668
SKU3,4/21/2011,26,430,31.59625668
SKU3,4/26/2011,57,430,31.59625668
SKU3,4/27/2011,43,430,31.59625668
SKU3,4/28/2011,2,430,31.59625668
SKU3,5/1/2011,10,430,31.59625668
SKU3,5/3/2011,38,430,31.59625668
SKU3,5/4/2011,100,430,31.59625668
SKU3,5/5/2011,49,430,31.59625668
SKU3,5/6/2011,40,430,31.59625668
SKU3,5/8/2011,13,430,31.59625668
SKU3,5/9/2011,82,430,31.59625668
SKU3,5/10/2011,48,430,31.59625668
SKU3,5/11/2011,24,430,31.59625668
SKU3,5/12/2011,48,430,31.59625668
SKU3,5/13/2011,117,430,31.59625668
SKU3,5/15/2011,2,430,31.59625668
SKU3,5/16/2011,50,430,31.59625668
SKU3,5/17/2011,77,430,31.59625668
SKU3,5/18/2011,21,430,31.59625668
SKU3,5/19/2011,33,430,31.59625668
SKU3,5/20/2011,70,430,31.59625668
SKU3,5/22/2011,25,430,31.59625668
SKU3,5/23/2011,23,430,31.59625668
SKU3,5/24/2011,18,430,31.59625668
SKU3,5/25/2011,9,430,31.59625668
SKU3,5/26/2011,52,430,31.59625668
SKU3,5/27/2011,57,430,31.59625668
SKU3,5/29/2011,10,430,31.59625668
SKU3,5/31/2011,51,430,31.59625668
SKU3,6/1/2011,2,430,31.59625668
SKU3,6/2/2011,86,430,31.59625668
SKU3,6/3/2011,36,430,31.59625668
SKU3,6/5/2011,33,430,31.59625668
SKU3,6/6/2011,35,430,31.59625668
SKU3,6/7/2011,50,430,31.59625668
SKU3,6/8/2011,95,430,31.59625668
SKU3,6/9/2011,36,430,31.59625668
SKU3,6/10/2011,59,430,31.59625668
SKU3,6/12/2011,27,430,31.59625668
SKU3,6/13/2011,31,430,31.59625668
SKU3,6/14/2011,16,430,31.59625668
SKU3,6/15/2011,22,430,31.59625668
SKU3,6/16/2011,14,430,31.59625668
SKU3,6/17/2011,32,430,31.59625668
SKU3,6/19/2011,12,430,31.59625668
SKU3,6/20/2011,6,430,31.59625668
SKU3,6/21/2011,139,430,31.59625668
SKU3,6/22/2011,10,430,31.59625668
SKU3,6/23/2011,26,430,31.59625668
SKU3,6/24/2011,141,430,31.59625668
SKU3,6/26/2011,2,430,31.59625668
SKU3,6/27/2011,46,430,31.59625668
SKU3,6/28/2011,221,430,31.59625668
SKU3,6/29/2011,1,430,31.59625668
SKU3,6/30/2011,34,430,31.59625668
SKU3,7/1/2011,42,430,31.59625668
SKU3,7/3/2011,34,430,31.59625668
SKU3,7/4/2011,145,430,31.59625668
SKU3,7/5/2011,33,430,31.59625668
SKU3,7/6/2011,17,430,31.59625668
SKU3,7/7/2011,150,430,31.59625668
SKU3,7/8/2011,242,430,31.59625668
SKU3,7/10/2011,3,430,31.59625668
SKU3,7/11/2011,97,430,31.59625668
SKU3,7/12/2011,14,430,31.59625668
SKU3,7/13/2011,24,430,31.59625668
SKU3,7/14/2011,46,430,31.59625668
SKU3,7/15/2011,11,430,31.59625668
SKU3,7/17/2011,19,430,31.59625668
SKU3,7/18/2011,31,430,31.59625668
SKU3,7/19/2011,166,430,31.59625668
SKU3,7/20/2011,157,430,31.59625668
SKU3,7/21/2011,60,430,31.59625668
SKU3,7/22/2011,24,430,31.59625668
SKU3,7/24/2011,72,430,31.59625668
SKU3,7/25/2011,48,430,31.59625668
SKU3,7/26/2011,29,430,31.59625668
SKU3,7/27/2011,61,430,31.59625668
SKU3,7/28/2011,41,430,31.59625668
SKU3,7/29/2011,33,430,31.59625668
SKU3,7/31/2011,36,430,31.59625668
SKU3,8/1/2011,1,430,31.59625668
SKU3,8/2/2011,38,430,31.59625668
SKU3,8/3/2011,60,430,31.59625668
SKU3,8/4/2011,302,430,31.59625668
SKU3,8/5/2011,8,430,31.59625668
SKU3,8/7/2011,2,430,31.59625668
SKU3,8/8/2011,47,430,31.59625668
SKU3,8/9/2011,132,430,31.59625668
SKU3,8/10/2011,83,430,31.59625668
SKU3,8/11/2011,100,430,31.59625668
SKU3,8/12/2011,41,430,31.59625668
SKU3,8/14/2011,11,430,31.59625668
SKU3,8/15/2011,34,430,31.59625668
SKU3,8/16/2011,102,430,31.59625668
SKU3,8/17/2011,34,430,31.59625668
SKU3,8/18/2011,20,430,31.59625668
SKU3,8/19/2011,30,430,31.59625668
SKU3,8/21/2011,18,430,31.59625668
SKU3,8/22/2011,50,430,31.59625668
SKU3,8/23/2011,120,430,31.59625668
SKU3,8/24/2011,32,430,31.59625668
SKU3,8/25/2011,67,430,31.59625668
SKU3,8/26/2011,42,430,31.59625668
SKU3,8/28/2011,32,430,31.59625668
SKU3,8/30/2011,11,430,31.59625668
SKU3,8/31/2011,121,430,31.59625668
SKU3,9/1/2011,16,430,31.59625668
SKU3,9/2/2011,40,430,31.59625668
SKU3,9/4/2011,2,430,31.59625668
SKU3,9/5/2011,10,430,31.59625668
SKU3,9/6/2011,35,430,31.59625668
SKU3,9/7/2011,31,430,31.59625668
SKU3,9/8/2011,13,430,31.59625668
SKU3,9/9/2011,37,430,31.59625668
SKU3,9/11/2011,112,430,31.59625668
SKU3,9/12/2011,50,430,31.59625668
SKU3,9/13/2011,77,430,31.59625668
SKU3,9/14/2011,30,430,31.59625668
SKU3,9/15/2011,55,430,31.59625668
SKU3,9/16/2011,34,430,31.59625668
SKU3,9/18/2011,2,430,31.59625668
SKU3,9/19/2011,111,430,31.59625668
SKU3,9/20/2011,41,430,31.59625668
SKU3,9/21/2011,17,430,31.59625668
SKU3,9/22/2011,67,430,31.59625668
SKU3,9/23/2011,17,430,31.59625668
SKU3,9/25/2011,10,430,31.59625668
SKU3,9/26/2011,2,430,31.59625668
SKU3,9/27/2011,43,430,31.59625668
SKU3,9/28/2011,66,430,31.59625668
SKU3,9/29/2011,71,430,31.59625668
SKU3,9/30/2011,41,430,31.59625668
SKU3,10/2/2011,12,430,31.59625668
SKU3,10/3/2011,12,430,31.59625668
SKU3,10/4/2011,37,430,31.59625668
SKU3,10/5/2011,31,430,31.59625668
SKU3,10/6/2011,64,430,31.59625668
SKU3,10/7/2011,19,430,31.59625668
SKU3,10/9/2011,4,430,31.59625668
SKU3,10/10/2011,15,430,31.59625668
SKU3,10/11/2011,69,430,31.59625668
SKU3,10/12/2011,4,430,31.59625668
SKU3,10/14/2011,42,430,31.59625668
SKU3,10/16/2011,13,430,31.59625668
SKU3,10/17/2011,11,430,31.59625668
SKU3,10/18/2011,74,430,31.59625668
SKU3,10/19/2011,10,430,31.59625668
SKU3,10/20/2011,124,430,31.59625668
SKU3,10/21/2011,19,430,31.59625668
SKU3,10/24/2011,3,430,31.59625668
SKU3,10/25/2011,75,430,31.59625668
SKU3,10/26/2011,25,430,31.59625668
SKU3,10/27/2011,124,430,31.59625668
SKU3,10/28/2011,30,430,31.59625668
SKU3,10/30/2011,18,430,31.59625668
SKU3,10/31/2011,16,430,31.59625668
SKU3,11/2/2011,6,430,31.59625668
SKU3,11/3/2011,10,430,31.59625668
SKU3,11/4/2011,52,430,31.59625668
SKU3,11/6/2011,17,430,31.59625668
SKU3,11/7/2011,20,430,31.59625668
SKU3,11/8/2011,50,430,31.59625668
SKU3,11/9/2011,10,430,31.59625668
SKU3,11/10/2011,31,430,31.59625668
SKU3,11/11/2011,17,430,31.59625668
SKU3,11/13/2011,34,430,31.59625668
SKU3,11/14/2011,23,430,31.59625668
SKU3,11/15/2011,27,430,31.59625668
SKU3,11/16/2011,14,430,31.59625668
SKU3,11/17/2011,11,430,31.59625668
SKU3,11/18/2011,66,430,31.59625668
SKU3,11/20/2011,54,430,31.59625668
SKU3,11/21/2011,62,430,31.59625668
SKU3,11/22/2011,17,430,31.59625668
SKU3,11/23/2011,242,430,31.59625668
SKU3,11/24/2011,35,430,31.59625668
SKU3,11/25/2011,33,430,31.59625668
SKU3,11/27/2011,7,430,31.59625668
SKU3,11/28/2011,51,430,31.59625668
SKU3,11/29/2011,22,430,31.59625668
SKU3,11/30/2011,39,430,31.59625668
SKU3,12/1/2011,15,430,31.59625668
SKU3,12/2/2011,12,430,31.59625668
SKU3,12/4/2011,7,430,31.59625668
SKU3,12/5/2011,11,430,31.59625668
SKU3,12/6/2011,25,430,31.59625668
SKU3,12/7/2011,28,430,31.59625668
SKU3,12/8/2011,17,430,31.59625668
SKU3,12/9/2011,5,430,31.59625668
SKU4,12/1/2010,133,560,35.32620321
SKU4,12/2/2010,115,560,35.32620321
SKU4,12/3/2010,32,560,35.32620321
SKU4,12/5/2010,135,560,35.32620321
SKU4,12/6/2010,64,560,35.32620321
SKU4,12/7/2010,119,560,35.32620321
SKU4,12/8/2010,98,560,35.32620321
SKU4,12/9/2010,29,560,35.32620321
SKU4,12/10/2010,18,560,35.32620321
SKU4,12/12/2010,6,560,35.32620321
SKU4,12/14/2010,25,560,35.32620321
SKU4,12/15/2010,21,560,35.32620321
SKU4,12/16/2010,2,560,35.32620321
SKU4,12/17/2010,4,560,35.32620321
SKU4,12/20/2010,25,560,35.32620321
SKU4,12/21/2010,16,560,35.32620321
SKU4,12/22/2010,12,560,35.32620321
SKU4,12/23/2010,4,560,35.32620321
SKU4,1/4/2011,13,560,35.32620321
SKU4,1/6/2011,189,560,35.32620321
SKU4,1/7/2011,42,560,35.32620321
SKU4,1/9/2011,32,560,35.32620321
SKU4,1/10/2011,1,560,35.32620321
SKU4,1/11/2011,11,560,35.32620321
SKU4,1/12/2011,1,560,35.32620321
SKU4,1/13/2011,68,560,35.32620321
SKU4,1/14/2011,127,560,35.32620321
SKU4,1/16/2011,10,560,35.32620321
SKU4,1/17/2011,40,560,35.32620321
SKU4,1/18/2011,122,560,35.32620321
SKU4,1/19/2011,56,560,35.32620321
SKU4,1/20/2011,25,560,35.32620321
SKU4,1/21/2011,13,560,35.32620321
SKU4,1/23/2011,9,560,35.32620321
SKU4,1/24/2011,45,560,35.32620321
SKU4,1/25/2011,21,560,35.32620321
SKU4,1/26/2011,26,560,35.32620321
SKU4,1/27/2011,35,560,35.32620321
SKU4,1/28/2011,24,560,35.32620321
SKU4,1/31/2011,49,560,35.32620321
SKU4,2/1/2011,202,560,35.32620321
SKU4,2/2/2011,23,560,35.32620321
SKU4,2/3/2011,23,560,35.32620321
SKU4,2/4/2011,21,560,35.32620321
SKU4,2/7/2011,1,560,35.32620321
SKU4,2/8/2011,169,560,35.32620321
SKU4,2/9/2011,111,560,35.32620321
SKU4,2/10/2011,23,560,35.32620321
SKU4,2/11/2011,13,560,35.32620321
SKU4,2/13/2011,2,560,35.32620321
SKU4,2/14/2011,12,560,35.32620321
SKU4,2/15/2011,208,560,35.32620321
SKU4,2/16/2011,75,560,35.32620321
SKU4,2/17/2011,44,560,35.32620321
SKU4,2/18/2011,43,560,35.32620321
SKU4,2/20/2011,4,560,35.32620321
SKU4,2/21/2011,132,560,35.32620321
SKU4,2/22/2011,108,560,35.32620321
SKU4,2/23/2011,6,560,35.32620321
SKU4,2/24/2011,2,560,35.32620321
SKU4,2/25/2011,13,560,35.32620321
SKU4,2/27/2011,5,560,35.32620321
SKU4,2/28/2011,100,560,35.32620321
SKU4,3/1/2011,73,560,35.32620321
SKU4,3/2/2011,12,560,35.32620321
SKU4,3/3/2011,211,560,35.32620321
SKU4,3/4/2011,2,560,35.32620321
SKU4,3/6/2011,10,560,35.32620321
SKU4,3/7/2011,3,560,35.32620321
SKU4,3/8/2011,22,560,35.32620321
SKU4,3/9/2011,56,560,35.32620321
SKU4,3/10/2011,2,560,35.32620321
SKU4,3/11/2011,49,560,35.32620321
SKU4,3/13/2011,4,560,35.32620321
SKU4,3/14/2011,120,560,35.32620321
SKU4,3/15/2011,49,560,35.32620321
SKU4,3/16/2011,108,560,35.32620321
SKU4,3/17/2011,114,560,35.32620321
SKU4,3/18/2011,96,560,35.32620321
SKU4,3/20/2011,157,560,35.32620321
SKU4,3/21/2011,42,560,35.32620321
SKU4,3/22/2011,7,560,35.32620321
SKU4,3/23/2011,97,560,35.32620321
SKU4,3/24/2011,35,560,35.32620321
SKU4,3/25/2011,48,560,35.32620321
SKU4,3/27/2011,4,560,35.32620321
SKU4,3/28/2011,26,560,35.32620321
SKU4,3/29/2011,147,560,35.32620321
SKU4,3/30/2011,130,560,35.32620321
SKU4,3/31/2011,246,560,35.32620321
SKU4,4/1/2011,28,560,35.32620321
SKU4,4/3/2011,9,560,35.32620321
SKU4,4/4/2011,108,560,35.32620321
SKU4,4/5/2011,14,560,35.32620321
SKU4,4/6/2011,13,560,35.32620321
SKU4,4/7/2011,14,560,35.32620321
SKU4,4/8/2011,20,560,35.32620321
SKU4,4/10/2011,16,560,35.32620321
SKU4,4/11/2011,39,560,35.32620321
SKU4,4/12/2011,123,560,35.32620321
SKU4,4/13/2011,207,560,35.32620321
SKU4,4/14/2011,12,560,35.32620321
SKU4,4/15/2011,36,560,35.32620321
SKU4,4/17/2011,43,560,35.32620321
SKU4,4/18/2011,31,560,35.32620321
SKU4,4/19/2011,28,560,35.32620321
SKU4,4/20/2011,67,560,35.32620321
SKU4,4/21/2011,51,560,35.32620321
SKU4,4/26/2011,15,560,35.32620321
SKU4,4/27/2011,19,560,35.32620321
SKU4,4/28/2011,122,560,35.32620321
SKU4,5/1/2011,5,560,35.32620321
SKU4,5/3/2011,50,560,35.32620321
SKU4,5/4/2011,13,560,35.32620321
SKU4,5/5/2011,39,560,35.32620321
SKU4,5/6/2011,66,560,35.32620321
SKU4,5/8/2011,44,560,35.32620321
SKU4,5/9/2011,8,560,35.32620321
SKU4,5/10/2011,27,560,35.32620321
SKU4,5/11/2011,19,560,35.32620321
SKU4,5/12/2011,152,560,35.32620321
SKU4,5/13/2011,138,560,35.32620321
SKU4,5/15/2011,5,560,35.32620321
SKU4,5/16/2011,44,560,35.32620321
SKU4,5/17/2011,29,560,35.32620321
SKU4,5/18/2011,117,560,35.32620321
SKU4,5/19/2011,62,560,35.32620321
SKU4,5/20/2011,27,560,35.32620321
SKU4,5/22/2011,24,560,35.32620321
SKU4,5/23/2011,132,560,35.32620321
SKU4,5/24/2011,134,560,35.32620321
SKU4,5/25/2011,87,560,35.32620321
SKU4,5/26/2011,24,560,35.32620321
SKU4,5/29/2011,13,560,35.32620321
SKU4,5/31/2011,1,560,35.32620321
SKU4,6/1/2011,28,560,35.32620321
SKU4,6/2/2011,56,560,35.32620321
SKU4,6/3/2011,4,560,35.32620321
SKU4,6/5/2011,16,560,35.32620321
SKU4,6/6/2011,36,560,35.32620321
SKU4,6/7/2011,125,560,35.32620321
SKU4,6/8/2011,27,560,35.32620321
SKU4,6/9/2011,114,560,35.32620321
SKU4,6/10/2011,14,560,35.32620321
SKU4,6/12/2011,7,560,35.32620321
SKU4,6/13/2011,28,560,35.32620321
SKU4,6/14/2011,34,560,35.32620321
SKU4,6/15/2011,212,560,35.32620321
SKU4,6/16/2011,37,560,35.32620321
SKU4,6/17/2011,36,560,35.32620321
SKU4,6/19/2011,121,560,35.32620321
SKU4,6/20/2011,54,560,35.32620321
SKU4,6/21/2011,31,560,35.32620321
SKU4,6/22/2011,152,560,35.32620321
SKU4,6/23/2011,68,560,35.32620321
SKU4,6/24/2011,30,560,35.32620321
SKU4,6/26/2011,3,560,35.32620321
SKU4,6/27/2011,10,560,35.32620321
SKU4,6/28/2011,12,560,35.32620321
SKU4,6/29/2011,11,560,35.32620321
SKU4,6/30/2011,35,560,35.32620321
SKU4,7/1/2011,28,560,35.32620321
SKU4,7/3/2011,4,560,35.32620321
SKU4,7/4/2011,35,560,35.32620321
SKU4,7/5/2011,40,560,35.32620321
SKU4,7/6/2011,124,560,35.32620321
SKU4,7/7/2011,30,560,35.32620321
SKU4,7/8/2011,34,560,35.32620321
SKU4,7/10/2011,7,560,35.32620321
SKU4,7/11/2011,38,560,35.32620321
SKU4,7/12/2011,6,560,35.32620321
SKU4,7/13/2011,10,560,35.32620321
SKU4,7/14/2011,27,560,35.32620321
SKU4,7/17/2011,11,560,35.32620321
SKU4,7/18/2011,11,560,35.32620321
SKU4,7/19/2011,38,560,35.32620321
SKU4,7/20/2011,10,560,35.32620321
SKU4,7/21/2011,14,560,35.32620321
SKU4,7/22/2011,1,560,35.32620321
SKU4,7/24/2011,24,560,35.32620321
SKU4,7/25/2011,18,560,35.32620321
SKU4,7/26/2011,10,560,35.32620321
SKU4,7/27/2011,1,560,35.32620321
SKU4,7/28/2011,12,560,35.32620321
SKU4,7/29/2011,102,560,35.32620321
SKU4,7/31/2011,26,560,35.32620321
SKU4,8/1/2011,14,560,35.32620321
SKU4,8/2/2011,146,560,35.32620321
SKU4,8/3/2011,35,560,35.32620321
SKU4,8/4/2011,119,560,35.32620321
SKU4,8/5/2011,46,560,35.32620321
SKU4,8/8/2011,22,560,35.32620321
SKU4,8/9/2011,10,560,35.32620321
SKU4,8/10/2011,14,560,35.32620321
SKU4,8/11/2011,35,560,35.32620321
SKU4,8/12/2011,20,560,35.32620321
SKU4,8/14/2011,12,560,35.32620321
SKU4,8/15/2011,12,560,35.32620321
SKU4,8/16/2011,12,560,35.32620321
SKU4,8/17/2011,51,560,35.32620321
SKU4,8/18/2011,48,560,35.32620321
SKU4,8/19/2011,36,560,35.32620321
SKU4,8/21/2011,3,560,35.32620321
SKU4,8/23/2011,40,560,35.32620321
SKU4,8/24/2011,132,560,35.32620321
SKU4,8/25/2011,62,560,35.32620321
SKU4,8/26/2011,48,560,35.32620321
SKU4,8/28/2011,12,560,35.32620321
SKU4,8/30/2011,45,560,35.32620321
SKU4,8/31/2011,43,560,35.32620321
SKU4,9/1/2011,4,560,35.32620321
SKU4,9/2/2011,38,560,35.32620321
SKU4,9/4/2011,64,560,35.32620321
SKU4,9/5/2011,38,560,35.32620321
SKU4,9/6/2011,10,560,35.32620321
SKU4,9/7/2011,71,560,35.32620321
SKU4,9/9/2011,27,560,35.32620321
SKU4,9/11/2011,100,560,35.32620321
SKU4,9/12/2011,98,560,35.32620321
SKU4,9/13/2011,28,560,35.32620321
SKU4,9/14/2011,25,560,35.32620321
SKU4,9/15/2011,22,560,35.32620321
SKU4,9/16/2011,18,560,35.32620321
SKU4,9/18/2011,13,560,35.32620321
SKU4,9/19/2011,72,560,35.32620321
SKU4,9/20/2011,24,560,35.32620321
SKU4,9/21/2011,166,560,35.32620321
SKU4,9/22/2011,3,560,35.32620321
SKU4,9/23/2011,25,560,35.32620321
SKU4,9/25/2011,6,560,35.32620321
SKU4,9/26/2011,10,560,35.32620321
SKU4,9/27/2011,99,560,35.32620321
SKU4,9/28/2011,8,560,35.32620321
SKU4,9/29/2011,12,560,35.32620321
SKU4,9/30/2011,39,560,35.32620321
SKU4,10/2/2011,7,560,35.32620321
SKU4,10/3/2011,8,560,35.32620321
SKU4,10/4/2011,16,560,35.32620321
SKU4,10/5/2011,50,560,35.32620321
SKU4,10/6/2011,6,560,35.32620321
SKU4,10/7/2011,60,560,35.32620321
SKU4,10/9/2011,2,560,35.32620321
SKU4,10/10/2011,20,560,35.32620321
SKU4,10/11/2011,14,560,35.32620321
SKU4,10/12/2011,23,560,35.32620321
SKU4,10/13/2011,6,560,35.32620321
SKU4,10/14/2011,2,560,35.32620321
SKU4,10/16/2011,14,560,35.32620321
SKU4,10/17/2011,30,560,35.32620321
SKU4,10/18/2011,121,560,35.32620321
SKU4,10/19/2011,16,560,35.32620321
SKU4,10/20/2011,120,560,35.32620321
SKU4,10/23/2011,1,560,35.32620321
SKU4,10/24/2011,32,560,35.32620321
SKU4,10/25/2011,4,560,35.32620321
SKU4,10/26/2011,6,560,35.32620321
SKU4,10/27/2011,28,560,35.32620321
SKU4,10/28/2011,132,560,35.32620321
SKU4,10/30/2011,30,560,35.32620321
SKU4,10/31/2011,46,560,35.32620321
SKU4,11/1/2011,16,560,35.32620321
SKU4,11/2/2011,4,560,35.32620321
SKU4,11/3/2011,16,560,35.32620321
SKU4,11/4/2011,39,560,35.32620321
SKU4,11/6/2011,13,560,35.32620321
SKU4,11/7/2011,18,560,35.32620321
SKU4,11/8/2011,39,560,35.32620321
SKU4,11/9/2011,1,560,35.32620321
SKU4,11/10/2011,41,560,35.32620321
SKU4,11/11/2011,30,560,35.32620321
SKU4,11/13/2011,127,560,35.32620321
SKU4,11/14/2011,30,560,35.32620321
SKU4,11/16/2011,103,560,35.32620321
SKU4,11/17/2011,12,560,35.32620321
SKU4,11/18/2011,30,560,35.32620321
SKU4,11/20/2011,29,560,35.32620321
SKU4,11/21/2011,27,560,35.32620321
SKU4,11/22/2011,29,560,35.32620321
SKU4,11/23/2011,198,560,35.32620321
SKU4,11/24/2011,16,560,35.32620321
SKU4,11/25/2011,13,560,35.32620321
SKU4,11/27/2011,11,560,35.32620321
SKU4,11/28/2011,17,560,35.32620321
SKU4,11/29/2011,15,560,35.32620321
SKU4,11/30/2011,9,560,35.32620321
SKU4,12/1/2011,6,560,35.32620321
SKU4,12/2/2011,50,560,35.32620321
SKU4,12/4/2011,21,560,35.32620321
SKU4,12/5/2011,48,560,35.32620321
SKU4,12/6/2011,99,560,35.32620321
SKU4,12/7/2011,5,560,35.32620321
SKU4,12/8/2011,5,560,35.32620321
SKU5,12/1/2010,78,370,52.28074866
SKU5,12/2/2010,11,370,52.28074866
SKU5,12/3/2010,93,370,52.28074866
SKU5,12/5/2010,36,370,52.28074866
SKU5,12/6/2010,34,370,52.28074866
SKU5,12/7/2010,33,370,52.28074866
SKU5,12/8/2010,117,370,52.28074866
SKU5,12/9/2010,34,370,52.28074866
SKU5,12/10/2010,47,370,52.28074866
SKU5,12/12/2010,18,370,52.28074866
SKU5,12/13/2010,24,370,52.28074866
SKU5,12/14/2010,36,370,52.28074866
SKU5,12/15/2010,59,370,52.28074866
SKU5,12/16/2010,51,370,52.28074866
SKU5,12/17/2010,15,370,52.28074866
SKU5,12/19/2010,2,370,52.28074866
SKU5,12/20/2010,12,370,52.28074866
SKU5,12/21/2010,21,370,52.28074866
SKU5,12/22/2010,10,370,52.28074866
SKU5,12/23/2010,1,370,52.28074866
SKU5,1/4/2011,20,370,52.28074866
SKU5,1/5/2011,100,370,52.28074866
SKU5,1/6/2011,294,370,52.28074866
SKU5,1/7/2011,25,370,52.28074866
SKU5,1/9/2011,23,370,52.28074866
SKU5,1/10/2011,30,370,52.28074866
SKU5,1/11/2011,21,370,52.28074866
SKU5,1/12/2011,4,370,52.28074866
SKU5,1/13/2011,134,370,52.28074866
SKU5,1/14/2011,341,370,52.28074866
SKU5,1/16/2011,112,370,52.28074866
SKU5,1/17/2011,6,370,52.28074866
SKU5,1/18/2011,5,370,52.28074866
SKU5,1/19/2011,102,370,52.28074866
SKU5,1/20/2011,15,370,52.28074866
SKU5,1/24/2011,33,370,52.28074866
SKU5,1/25/2011,38,370,52.28074866
SKU5,1/26/2011,38,370,52.28074866
SKU5,1/27/2011,42,370,52.28074866
SKU5,1/28/2011,20,370,52.28074866
SKU5,1/31/2011,185,370,52.28074866
SKU5,2/1/2011,129,370,52.28074866
SKU5,2/2/2011,35,370,52.28074866
SKU5,2/3/2011,16,370,52.28074866
SKU5,2/4/2011,52,370,52.28074866
SKU5,2/7/2011,22,370,52.28074866
SKU5,2/8/2011,24,370,52.28074866
SKU5,2/9/2011,140,370,52.28074866
SKU5,2/10/2011,14,370,52.28074866
SKU5,2/11/2011,42,370,52.28074866
SKU5,2/13/2011,13,370,52.28074866
SKU5,2/14/2011,46,370,52.28074866
SKU5,2/15/2011,21,370,52.28074866
SKU5,2/16/2011,60,370,52.28074866
SKU5,2/17/2011,53,370,52.28074866
SKU5,2/18/2011,107,370,52.28074866
SKU5,2/20/2011,4,370,52.28074866
SKU5,2/21/2011,111,370,52.28074866
SKU5,2/22/2011,25,370,52.28074866
SKU5,2/23/2011,23,370,52.28074866
SKU5,2/24/2011,31,370,52.28074866
SKU5,2/25/2011,177,370,52.28074866
SKU5,2/27/2011,2,370,52.28074866
SKU5,2/28/2011,11,370,52.28074866
SKU5,3/1/2011,102,370,52.28074866
SKU5,3/2/2011,10,370,52.28074866
SKU5,3/3/2011,26,370,52.28074866
SKU5,3/4/2011,20,370,52.28074866
SKU5,3/6/2011,6,370,52.28074866
SKU5,3/7/2011,1,370,52.28074866
SKU5,3/8/2011,65,370,52.28074866
SKU5,3/9/2011,21,370,52.28074866
SKU5,3/10/2011,36,370,52.28074866
SKU5,3/11/2011,25,370,52.28074866
SKU5,3/14/2011,152,370,52.28074866
SKU5,3/15/2011,13,370,52.28074866
SKU5,3/16/2011,4,370,52.28074866
SKU5,3/17/2011,42,370,52.28074866
SKU5,3/18/2011,14,370,52.28074866
SKU5,3/20/2011,53,370,52.28074866
SKU5,3/21/2011,75,370,52.28074866
SKU5,3/22/2011,43,370,52.28074866
SKU5,3/23/2011,21,370,52.28074866
SKU5,3/24/2011,35,370,52.28074866
SKU5,3/25/2011,205,370,52.28074866
SKU5,3/28/2011,76,370,52.28074866
SKU5,3/29/2011,206,370,52.28074866
SKU5,3/30/2011,157,370,52.28074866
SKU5,3/31/2011,97,370,52.28074866
SKU5,4/1/2011,40,370,52.28074866
SKU5,4/3/2011,11,370,52.28074866
SKU5,4/4/2011,42,370,52.28074866
SKU5,4/5/2011,2,370,52.28074866
SKU5,4/6/2011,84,370,52.28074866
SKU5,4/7/2011,17,370,52.28074866
SKU5,4/8/2011,80,370,52.28074866
SKU5,4/10/2011,22,370,52.28074866
SKU5,4/11/2011,94,370,52.28074866
SKU5,4/12/2011,61,370,52.28074866
SKU5,4/13/2011,34,370,52.28074866
SKU5,4/14/2011,40,370,52.28074866
SKU5,4/15/2011,73,370,52.28074866
SKU5,4/17/2011,3,370,52.28074866
SKU5,4/18/2011,143,370,52.28074866
SKU5,4/19/2011,36,370,52.28074866
SKU5,4/20/2011,85,370,52.28074866
SKU5,4/21/2011,104,370,52.28074866
SKU5,4/26/2011,62,370,52.28074866
SKU5,4/27/2011,69,370,52.28074866
SKU5,4/28/2011,23,370,52.28074866
SKU5,5/1/2011,10,370,52.28074866
SKU5,5/3/2011,75,370,52.28074866
SKU5,5/4/2011,1,370,52.28074866
SKU5,5/5/2011,38,370,52.28074866
SKU5,5/6/2011,140,370,52.28074866
SKU5,5/8/2011,35,370,52.28074866
SKU5,5/9/2011,113,370,52.28074866
SKU5,5/10/2011,73,370,52.28074866
SKU5,5/11/2011,160,370,52.28074866
SKU5,5/12/2011,432,370,52.28074866
SKU5,5/13/2011,91,370,52.28074866
SKU5,5/15/2011,16,370,52.28074866
SKU5,5/16/2011,108,370,52.28074866
SKU5,5/17/2011,59,370,52.28074866
SKU5,5/18/2011,22,370,52.28074866
SKU5,5/19/2011,83,370,52.28074866
SKU5,5/20/2011,120,370,52.28074866
SKU5,5/22/2011,53,370,52.28074866
SKU5,5/23/2011,64,370,52.28074866
SKU5,5/24/2011,66,370,52.28074866
SKU5,5/25/2011,107,370,52.28074866
SKU5,5/26/2011,263,370,52.28074866
SKU5,5/27/2011,176,370,52.28074866
SKU5,5/29/2011,8,370,52.28074866
SKU5,5/31/2011,42,370,52.28074866
SKU5,6/1/2011,11,370,52.28074866
SKU5,6/2/2011,26,370,52.28074866
SKU5,6/3/2011,41,370,52.28074866
SKU5,6/5/2011,64,370,52.28074866
SKU5,6/6/2011,20,370,52.28074866
SKU5,6/7/2011,195,370,52.28074866
SKU5,6/8/2011,236,370,52.28074866
SKU5,6/9/2011,54,370,52.28074866
SKU5,6/10/2011,55,370,52.28074866
SKU5,6/12/2011,25,370,52.28074866
SKU5,6/13/2011,11,370,52.28074866
SKU5,6/14/2011,25,370,52.28074866
SKU5,6/15/2011,168,370,52.28074866
SKU5,6/16/2011,47,370,52.28074866
SKU5,6/17/2011,84,370,52.28074866
SKU5,6/19/2011,113,370,52.28074866
SKU5,6/20/2011,27,370,52.28074866
SKU5,6/21/2011,65,370,52.28074866
SKU5,6/22/2011,22,370,52.28074866
SKU5,6/23/2011,50,370,52.28074866
SKU5,6/24/2011,41,370,52.28074866
SKU5,6/26/2011,33,370,52.28074866
SKU5,6/27/2011,25,370,52.28074866
SKU5,6/28/2011,139,370,52.28074866
SKU5,6/29/2011,3,370,52.28074866
SKU5,6/30/2011,58,370,52.28074866
SKU5,7/1/2011,32,370,52.28074866
SKU5,7/3/2011,46,370,52.28074866
SKU5,7/4/2011,194,370,52.28074866
SKU5,7/5/2011,27,370,52.28074866
SKU5,7/6/2011,39,370,52.28074866
SKU5,7/7/2011,10,370,52.28074866
SKU5,7/8/2011,158,370,52.28074866
SKU5,7/10/2011,12,370,52.28074866
SKU5,7/11/2011,45,370,52.28074866
SKU5,7/12/2011,40,370,52.28074866
SKU5,7/13/2011,38,370,52.28074866
SKU5,7/14/2011,43,370,52.28074866
SKU5,7/15/2011,12,370,52.28074866
SKU5,7/17/2011,53,370,52.28074866
SKU5,7/18/2011,63,370,52.28074866
SKU5,7/19/2011,286,370,52.28074866
SKU5,7/20/2011,25,370,52.28074866
SKU5,7/21/2011,30,370,52.28074866
SKU5,7/22/2011,68,370,52.28074866
SKU5,7/24/2011,124,370,52.28074866
SKU5,7/25/2011,42,370,52.28074866
SKU5,7/26/2011,59,370,52.28074866
SKU5,7/27/2011,70,370,52.28074866
SKU5,7/28/2011,141,370,52.28074866
SKU5,7/29/2011,49,370,52.28074866
SKU5,7/31/2011,24,370,52.28074866
SKU5,8/1/2011,54,370,52.28074866
SKU5,8/2/2011,259,370,52.28074866
SKU5,8/3/2011,34,370,52.28074866
SKU5,8/4/2011,246,370,52.28074866
SKU5,8/5/2011,6,370,52.28074866
SKU5,8/7/2011,4,370,52.28074866
SKU5,8/8/2011,157,370,52.28074866
SKU5,8/9/2011,91,370,52.28074866
SKU5,8/10/2011,175,370,52.28074866
SKU5,8/11/2011,218,370,52.28074866
SKU5,8/12/2011,71,370,52.28074866
SKU5,8/14/2011,13,370,52.28074866
SKU5,8/15/2011,40,370,52.28074866
SKU5,8/16/2011,120,370,52.28074866
SKU5,8/17/2011,122,370,52.28074866
SKU5,8/18/2011,95,370,52.28074866
SKU5,8/19/2011,30,370,52.28074866
SKU5,8/21/2011,26,370,52.28074866
SKU5,8/22/2011,55,370,52.28074866
SKU5,8/23/2011,127,370,52.28074866
SKU5,8/24/2011,40,370,52.28074866
SKU5,8/25/2011,80,370,52.28074866
SKU5,8/26/2011,20,370,52.28074866
SKU5,8/28/2011,19,370,52.28074866
SKU5,8/30/2011,21,370,52.28074866
SKU5,8/31/2011,31,370,52.28074866
SKU5,9/1/2011,55,370,52.28074866
SKU5,9/2/2011,57,370,52.28074866
SKU5,9/4/2011,38,370,52.28074866
SKU5,9/5/2011,209,370,52.28074866
SKU5,9/6/2011,66,370,52.28074866
SKU5,9/7/2011,160,370,52.28074866
SKU5,9/8/2011,10,370,52.28074866
SKU5,9/9/2011,57,370,52.28074866
SKU5,9/11/2011,22,370,52.28074866
SKU5,9/12/2011,42,370,52.28074866
SKU5,9/13/2011,51,370,52.28074866
SKU5,9/14/2011,122,370,52.28074866
SKU5,9/15/2011,87,370,52.28074866
SKU5,9/16/2011,25,370,52.28074866
SKU5,9/18/2011,2,370,52.28074866
SKU5,9/19/2011,301,370,52.28074866
SKU5,9/20/2011,37,370,52.28074866
SKU5,9/21/2011,15,370,52.28074866
SKU5,9/22/2011,53,370,52.28074866
SKU5,9/23/2011,46,370,52.28074866
SKU5,9/25/2011,40,370,52.28074866
SKU5,9/26/2011,3,370,52.28074866
SKU5,9/27/2011,57,370,52.28074866
SKU5,9/28/2011,89,370,52.28074866
SKU5,9/29/2011,105,370,52.28074866
SKU5,9/30/2011,64,370,52.28074866
SKU5,10/3/2011,41,370,52.28074866
SKU5,10/4/2011,79,370,52.28074866
SKU5,10/5/2011,90,370,52.28074866
SKU5,10/6/2011,60,370,52.28074866
SKU5,10/7/2011,50,370,52.28074866
SKU5,10/9/2011,2,370,52.28074866
SKU5,10/10/2011,36,370,52.28074866
SKU5,10/11/2011,114,370,52.28074866
SKU5,10/12/2011,52,370,52.28074866
SKU5,10/13/2011,75,370,52.28074866
SKU5,10/14/2011,160,370,52.28074866
SKU5,10/16/2011,6,370,52.28074866
SKU5,10/17/2011,22,370,52.28074866
SKU5,10/18/2011,65,370,52.28074866
SKU5,10/19/2011,26,370,52.28074866
SKU5,10/20/2011,110,370,52.28074866
SKU5,10/21/2011,39,370,52.28074866
SKU5,10/23/2011,14,370,52.28074866
SKU5,10/24/2011,8,370,52.28074866
SKU5,10/25/2011,37,370,52.28074866
SKU5,10/26/2011,52,370,52.28074866
SKU5,10/27/2011,45,370,52.28074866
SKU5,10/28/2011,94,370,52.28074866
SKU5,10/30/2011,78,370,52.28074866
SKU5,10/31/2011,10,370,52.28074866
SKU5,11/1/2011,6,370,52.28074866
SKU5,11/2/2011,117,370,52.28074866
SKU5,11/3/2011,30,370,52.28074866
SKU5,11/4/2011,38,370,52.28074866
SKU5,11/6/2011,122,370,52.28074866
SKU5,11/7/2011,130,370,52.28074866
SKU5,11/8/2011,61,370,52.28074866
SKU5,11/9/2011,161,370,52.28074866
SKU5,11/10/2011,93,370,52.28074866
SKU5,11/11/2011,88,370,52.28074866
SKU5,11/13/2011,23,370,52.28074866
SKU5,11/14/2011,155,370,52.28074866
SKU5,11/15/2011,232,370,52.28074866
SKU5,11/16/2011,66,370,52.28074866
SKU5,11/17/2011,71,370,52.28074866
SKU5,11/18/2011,77,370,52.28074866
SKU5,11/20/2011,49,370,52.28074866
SKU5,11/21/2011,37,370,52.28074866
SKU5,11/22/2011,47,370,52.28074866
SKU5,11/23/2011,37,370,52.28074866
SKU5,11/24/2011,44,370,52.28074866
SKU5,11/25/2011,93,370,52.28074866
SKU5,11/27/2011,18,370,52.28074866
SKU5,11/28/2011,58,370,52.28074866
SKU5,11/29/2011,49,370,52.28074866
SKU5,11/30/2011,91,370,52.28074866
SKU5,12/1/2011,51,370,52.28074866
SKU5,12/2/2011,72,370,52.28074866
SKU5,12/4/2011,10,370,52.28074866
SKU5,12/5/2011,50,370,52.28074866
SKU5,12/6/2011,85,370,52.28074866
SKU5,12/7/2011,35,370,52.28074866
SKU5,12/8/2011,52,370,52.28074866
SKU5,12/9/2011,42,370,52.28074866
SKU6,12/1/2010,224,600,97.06149733
SKU6,12/2/2010,503,600,97.06149733
SKU6,12/3/2010,48,600,97.06149733
SKU6,12/5/2010,129,600,97.06149733
SKU6,12/6/2010,130,600,97.06149733
SKU6,12/7/2010,271,600,97.06149733
SKU6,12/8/2010,91,600,97.06149733
SKU6,12/9/2010,120,600,97.06149733
SKU6,12/10/2010,152,600,97.06149733
SKU6,12/12/2010,25,600,97.06149733
SKU6,12/13/2010,82,600,97.06149733
SKU6,12/14/2010,228,600,97.06149733
SKU6,12/15/2010,120,600,97.06149733
SKU6,12/16/2010,160,600,97.06149733
SKU6,12/17/2010,40,600,97.06149733
SKU6,12/19/2010,8,600,97.06149733
SKU6,12/21/2010,24,600,97.06149733
SKU6,12/23/2010,16,600,97.06149733
SKU6,1/4/2011,72,600,97.06149733
SKU6,1/5/2011,232,600,97.06149733
SKU6,1/6/2011,88,600,97.06149733
SKU6,1/7/2011,24,600,97.06149733
SKU6,1/9/2011,64,600,97.06149733
SKU6,1/10/2011,88,600,97.06149733
SKU6,1/11/2011,256,600,97.06149733
SKU6,1/12/2011,32,600,97.06149733
SKU6,1/13/2011,38,600,97.06149733
SKU6,1/14/2011,24,600,97.06149733
SKU6,1/16/2011,4,600,97.06149733
SKU6,1/17/2011,33,600,97.06149733
SKU6,1/18/2011,16,600,97.06149733
SKU6,1/19/2011,8,600,97.06149733
SKU6,1/20/2011,24,600,97.06149733
SKU6,1/21/2011,24,600,97.06149733
SKU6,1/23/2011,34,600,97.06149733
SKU6,1/24/2011,208,600,97.06149733
SKU6,1/25/2011,32,600,97.06149733
SKU6,1/26/2011,24,600,97.06149733
SKU6,1/27/2011,16,600,97.06149733
SKU6,1/28/2011,40,600,97.06149733
SKU6,1/30/2011,24,600,97.06149733
SKU6,1/31/2011,366,600,97.06149733
SKU6,2/1/2011,304,600,97.06149733
SKU6,2/2/2011,224,600,97.06149733
SKU6,2/3/2011,24,600,97.06149733
SKU6,2/4/2011,8,600,97.06149733
SKU6,2/6/2011,11,600,97.06149733
SKU6,2/7/2011,8,600,97.06149733
SKU6,2/8/2011,8,600,97.06149733
SKU6,2/9/2011,16,600,97.06149733
SKU6,2/10/2011,72,600,97.06149733
SKU6,2/11/2011,32,600,97.06149733
SKU6,2/13/2011,24,600,97.06149733
SKU6,2/14/2011,236,600,97.06149733
SKU6,2/15/2011,84,600,97.06149733
SKU6,2/16/2011,156,600,97.06149733
SKU6,2/17/2011,24,600,97.06149733
SKU6,2/18/2011,80,600,97.06149733
SKU6,2/20/2011,8,600,97.06149733
SKU6,2/21/2011,40,600,97.06149733
SKU6,2/22/2011,40,600,97.06149733
SKU6,2/23/2011,96,600,97.06149733
SKU6,2/24/2011,32,600,97.06149733
SKU6,2/25/2011,24,600,97.06149733
SKU6,2/27/2011,96,600,97.06149733
SKU6,2/28/2011,20,600,97.06149733
SKU6,3/1/2011,24,600,97.06149733
SKU6,3/2/2011,6,600,97.06149733
SKU6,3/3/2011,48,600,97.06149733
SKU6,3/4/2011,72,600,97.06149733
SKU6,3/6/2011,43,600,97.06149733
SKU6,3/7/2011,200,600,97.06149733
SKU6,3/8/2011,80,600,97.06149733
SKU6,3/9/2011,40,600,97.06149733
SKU6,3/10/2011,72,600,97.06149733
SKU6,3/11/2011,216,600,97.06149733
SKU6,3/13/2011,34,600,97.06149733
SKU6,3/14/2011,272,600,97.06149733
SKU6,3/15/2011,363,600,97.06149733
SKU6,3/16/2011,176,600,97.06149733
SKU6,3/17/2011,64,600,97.06149733
SKU6,3/18/2011,37,600,97.06149733
SKU6,3/20/2011,56,600,97.06149733
SKU6,3/21/2011,138,600,97.06149733
SKU6,3/22/2011,69,600,97.06149733
SKU6,3/23/2011,56,600,97.06149733
SKU6,3/24/2011,80,600,97.06149733
SKU6,3/25/2011,40,600,97.06149733
SKU6,3/27/2011,8,600,97.06149733
SKU6,3/28/2011,96,600,97.06149733
SKU6,3/29/2011,24,600,97.06149733
SKU6,3/30/2011,24,600,97.06149733
SKU6,3/31/2011,324,600,97.06149733
SKU6,4/1/2011,117,600,97.06149733
SKU6,4/4/2011,147,600,97.06149733
SKU6,4/5/2011,248,600,97.06149733
SKU6,4/6/2011,32,600,97.06149733
SKU6,4/7/2011,57,600,97.06149733
SKU6,4/8/2011,232,600,97.06149733
SKU6,4/10/2011,37,600,97.06149733
SKU6,4/11/2011,57,600,97.06149733
SKU6,4/12/2011,168,600,97.06149733
SKU6,4/13/2011,162,600,97.06149733
SKU6,4/14/2011,280,600,97.06149733
SKU6,4/15/2011,24,600,97.06149733
SKU6,4/17/2011,124,600,97.06149733
SKU6,4/18/2011,60,600,97.06149733
SKU6,4/19/2011,248,600,97.06149733
SKU6,4/20/2011,16,600,97.06149733
SKU6,4/21/2011,288,600,97.06149733
SKU6,4/26/2011,111,600,97.06149733
SKU6,4/27/2011,88,600,97.06149733
SKU6,4/28/2011,64,600,97.06149733
SKU6,5/1/2011,1,600,97.06149733
SKU6,5/3/2011,52,600,97.06149733
SKU6,5/4/2011,96,600,97.06149733
SKU6,5/5/2011,114,600,97.06149733
SKU6,5/6/2011,128,600,97.06149733
SKU6,5/8/2011,204,600,97.06149733
SKU6,5/9/2011,40,600,97.06149733
SKU6,5/10/2011,192,600,97.06149733
SKU6,5/11/2011,448,600,97.06149733
SKU6,5/12/2011,360,600,97.06149733
SKU6,5/13/2011,43,600,97.06149733
SKU6,5/15/2011,44,600,97.06149733
SKU6,5/16/2011,64,600,97.06149733
SKU6,5/17/2011,168,600,97.06149733
SKU6,5/18/2011,136,600,97.06149733
SKU6,5/19/2011,48,600,97.06149733
SKU6,5/20/2011,136,600,97.06149733
SKU6,5/22/2011,43,600,97.06149733
SKU6,5/23/2011,116,600,97.06149733
SKU6,5/24/2011,100,600,97.06149733
SKU6,5/25/2011,29,600,97.06149733
SKU6,5/26/2011,264,600,97.06149733
SKU6,5/27/2011,16,600,97.06149733
SKU6,5/29/2011,40,600,97.06149733
SKU6,5/31/2011,104,600,97.06149733
SKU6,6/1/2011,64,600,97.06149733
SKU6,6/2/2011,56,600,97.06149733
SKU6,6/3/2011,64,600,97.06149733
SKU6,6/5/2011,96,600,97.06149733
SKU6,6/6/2011,64,600,97.06149733
SKU6,6/7/2011,44,600,97.06149733
SKU6,6/8/2011,104,600,97.06149733
SKU6,6/9/2011,32,600,97.06149733
SKU6,6/10/2011,40,600,97.06149733
SKU6,6/12/2011,8,600,97.06149733
SKU6,6/13/2011,16,600,97.06149733
SKU6,6/14/2011,52,600,97.06149733
SKU6,6/15/2011,48,600,97.06149733
SKU6,6/16/2011,57,600,97.06149733
SKU6,6/17/2011,233,600,97.06149733
SKU6,6/19/2011,40,600,97.06149733
SKU6,6/20/2011,24,600,97.06149733
SKU6,6/21/2011,82,600,97.06149733
SKU6,6/22/2011,60,600,97.06149733
SKU6,6/23/2011,48,600,97.06149733
SKU6,6/24/2011,56,600,97.06149733
SKU6,6/27/2011,76,600,97.06149733
SKU6,6/28/2011,40,600,97.06149733
SKU6,6/29/2011,104,600,97.06149733
SKU6,6/30/2011,56,600,97.06149733
SKU6,7/1/2011,16,600,97.06149733
SKU6,7/4/2011,32,600,97.06149733
SKU6,7/5/2011,92,600,97.06149733
SKU6,7/6/2011,136,600,97.06149733
SKU6,7/7/2011,120,600,97.06149733
SKU6,7/8/2011,64,600,97.06149733
SKU6,7/10/2011,16,600,97.06149733
SKU6,7/11/2011,119,600,97.06149733
SKU6,7/12/2011,8,600,97.06149733
SKU6,7/13/2011,82,600,97.06149733
SKU6,7/14/2011,64,600,97.06149733
SKU6,7/15/2011,16,600,97.06149733
SKU6,7/17/2011,83,600,97.06149733
SKU6,7/18/2011,82,600,97.06149733
SKU6,7/19/2011,134,600,97.06149733
SKU6,7/20/2011,18,600,97.06149733
SKU6,7/21/2011,160,600,97.06149733
SKU6,7/22/2011,56,600,97.06149733
SKU6,7/24/2011,69,600,97.06149733
SKU6,7/25/2011,104,600,97.06149733
SKU6,7/26/2011,16,600,97.06149733
SKU6,7/27/2011,56,600,97.06149733
SKU6,7/28/2011,86,600,97.06149733
SKU6,7/29/2011,152,600,97.06149733
SKU6,7/31/2011,64,600,97.06149733
SKU6,8/1/2011,88,600,97.06149733
SKU6,8/2/2011,24,600,97.06149733
SKU6,8/3/2011,82,600,97.06149733
SKU6,8/4/2011,3359,600,97.06149733
SKU6,8/5/2011,86,600,97.06149733
SKU6,8/7/2011,161,600,97.06149733
SKU6,8/8/2011,128,600,97.06149733
SKU6,8/9/2011,48,600,97.06149733
SKU6,8/10/2011,96,600,97.06149733
SKU6,8/11/2011,1008,600,97.06149733
SKU6,8/12/2011,32,600,97.06149733
SKU6,8/14/2011,11,600,97.06149733
SKU6,8/15/2011,64,600,97.06149733
SKU6,8/16/2011,60,600,97.06149733
SKU6,8/17/2011,32,600,97.06149733
SKU6,8/18/2011,95,600,97.06149733
SKU6,8/19/2011,224,600,97.06149733
SKU6,8/21/2011,81,600,97.06149733
SKU6,8/22/2011,206,600,97.06149733
SKU6,8/23/2011,48,600,97.06149733
SKU6,8/24/2011,96,600,97.06149733
SKU6,8/25/2011,400,600,97.06149733
SKU6,8/26/2011,40,600,97.06149733
SKU6,8/28/2011,60,600,97.06149733
SKU6,8/30/2011,8,600,97.06149733
SKU6,8/31/2011,16,600,97.06149733
SKU6,9/1/2011,96,600,97.06149733
SKU6,9/2/2011,16,600,97.06149733
SKU6,9/4/2011,80,600,97.06149733
SKU6,9/5/2011,48,600,97.06149733
SKU6,9/6/2011,88,600,97.06149733
SKU6,9/7/2011,72,600,97.06149733
SKU6,9/8/2011,136,600,97.06149733
SKU6,9/9/2011,40,600,97.06149733
SKU6,9/11/2011,104,600,97.06149733
SKU6,9/12/2011,48,600,97.06149733
SKU6,9/13/2011,296,600,97.06149733
SKU6,9/14/2011,48,600,97.06149733
SKU6,9/15/2011,400,600,97.06149733
SKU6,9/16/2011,68,600,97.06149733
SKU6,9/18/2011,48,600,97.06149733
SKU6,9/19/2011,104,600,97.06149733
SKU6,9/20/2011,64,600,97.06149733
SKU6,9/21/2011,56,600,97.06149733
SKU6,9/22/2011,348,600,97.06149733
SKU6,9/23/2011,32,600,97.06149733
SKU6,9/25/2011,97,600,97.06149733
SKU6,9/26/2011,245,600,97.06149733
SKU6,9/27/2011,74,600,97.06149733
SKU6,9/28/2011,224,600,97.06149733
SKU6,9/29/2011,184,600,97.06149733
SKU6,9/30/2011,48,600,97.06149733
SKU6,10/2/2011,24,600,97.06149733
SKU6,10/3/2011,72,600,97.06149733
SKU6,10/4/2011,84,600,97.06149733
SKU6,10/5/2011,91,600,97.06149733
SKU6,10/6/2011,285,600,97.06149733
SKU6,10/7/2011,48,600,97.06149733
SKU6,10/9/2011,9,600,97.06149733
SKU6,10/10/2011,40,600,97.06149733
SKU6,10/11/2011,76,600,97.06149733
SKU6,10/12/2011,56,600,97.06149733
SKU6,10/13/2011,116,600,97.06149733
SKU6,10/14/2011,72,600,97.06149733
SKU6,10/16/2011,60,600,97.06149733
SKU6,10/17/2011,392,600,97.06149733
SKU6,10/18/2011,48,600,97.06149733
SKU6,10/19/2011,158,600,97.06149733
SKU6,10/20/2011,156,600,97.06149733
SKU6,10/21/2011,16,600,97.06149733
SKU6,10/23/2011,59,600,97.06149733
SKU6,10/24/2011,128,600,97.06149733
SKU6,10/25/2011,80,600,97.06149733
SKU6,10/26/2011,217,600,97.06149733
SKU6,10/27/2011,40,600,97.06149733
SKU6,10/28/2011,49,600,97.06149733
SKU6,10/30/2011,264,600,97.06149733
SKU6,10/31/2011,120,600,97.06149733
SKU6,11/1/2011,294,600,97.06149733
SKU6,11/2/2011,128,600,97.06149733
SKU6,11/3/2011,210,600,97.06149733
SKU6,11/4/2011,80,600,97.06149733
SKU6,11/6/2011,136,600,97.06149733
SKU6,11/7/2011,24,600,97.06149733
SKU6,11/8/2011,56,600,97.06149733
SKU6,11/9/2011,1312,600,97.06149733
SKU6,11/10/2011,200,600,97.06149733
SKU6,11/11/2011,100,600,97.06149733
SKU6,11/13/2011,56,600,97.06149733
SKU6,11/14/2011,303,600,97.06149733
SKU6,11/15/2011,107,600,97.06149733
SKU6,11/16/2011,297,600,97.06149733
SKU6,11/17/2011,94,600,97.06149733
SKU6,11/18/2011,368,600,97.06149733
SKU6,11/20/2011,157,600,97.06149733
SKU6,11/21/2011,190,600,97.06149733
SKU6,11/22/2011,132,600,97.06149733
SKU6,11/23/2011,80,600,97.06149733
SKU6,11/24/2011,355,600,97.06149733
SKU6,11/25/2011,272,600,97.06149733
SKU6,11/27/2011,8,600,97.06149733
SKU6,11/28/2011,56,600,97.06149733
SKU6,11/29/2011,127,600,97.06149733
SKU6,11/30/2011,112,600,97.06149733
SKU6,12/1/2011,88,600,97.06149733
SKU6,12/2/2011,504,600,97.06149733
SKU6,12/4/2011,66,600,97.06149733
SKU6,12/5/2011,133,600,97.06149733
SKU6,12/6/2011,240,600,97.06149733
SKU6,12/7/2011,256,600,97.06149733
SKU6,12/8/2011,11,600,97.06149733
SKU6,12/9/2011,32,600,97.06149733
